23/11/2025 07:01:08,INFO,123,Login,User Logged in,23/11/2025 07:01:08,INFO,123,Login,User Logged in,
23/11/2025 07:01:08,INFO,123,Login,User Logged in,
23/11/2025 07:01:08,INFO,123,Login,User Logged in,
23/11/2025 07:01:08,INFO,123,Login,User Logged in,
23/11/2025 07:01:08,INFO,123,Login,User Logged in,
23/11/2025 07:01:08,INFO,123,Login,User Logged in,
23/11/2025 07:01:08,INFO,123,Login,User Logged in,
23/11/2025 07:01:08,INFO,123,Login,User Logged in,
23/11/2025 07:01:08,INFO,123,Login,User Logged in,
23/11/2025 07:01:08,INFO,123,Login,User Logged in,
23/11/2025 07:01:08,INFO,123,Login,User Logged in,
23/11/2025 07:01:08,INFO,123,Login,User Logged in,
23/11/2025 07:01:08,INFO,123,Login,User Logged in,
23/11/2025 07:01:08,INFO,123,Login,User Logged in,
23/11/2025 07:01:08,INFO,123,Login,User Logged in,
23/11/2025 07:01:08,INFO,123,Login,User Logged in,
23/11/2025 07:01:08,INFO,123,Login,User Logged in,
23/11/2025 07:01:08,INFO,123,Login,User Logged in,
23/11/2025 07:01:08,INFO,123,Login,User Logged in,
23/11/2025 07:01:08,INFO,123,Login,User Logged in,
23/11/2025 07:01:08,INFO,123,Login,User Logged in,
23/11/2025 07:01:08,INFO,123,Login,User Logged in,
23/11/2025 07:01:08,INFO,123,Login,User Logged in,
23/11/2025 07:01:08,INFO,123,Login,User Logged in,
23/11/2025 07:01:08,INFO,123,Login,User Logged in,
23/11/2025 07:01:08,INFO,123,Login,User Logged in,
23/11/2025 07:01:08,INFO,123,Login,User Logged in,
23/11/2025 07:01:08,INFO,123,Login,User Logged in,
23/11/2025 07:01:08,INFO,123,Login,User Logged in,
23/11/2025 07:01:08,INFO,123,Login,User Logged in,
23/11/2025 07:01:08,INFO,123,Login,User Logged in,
23/11/2025 07:01:08,INFO,123,Login,User Logged in,
23/11/2025 07:01:08,INFO,123,Login,User Logged in,
23/11/2025 07:01:08,INFO,123,Login,User Logged in,
23/11/2025 07:01:08,INFO,123,Login,User Logged in,
23/11/2025 07:01:08,INFO,123,Login,User Logged in,
23/11/2025 07:01:08,INFO,123,Login,User Logged in,
23/11/2025 07:01:08,INFO,123,Login,User Logged in,
23/11/2025 07:01:08,INFO,123,Login,User Logged in,
23/11/2025 07:01:08,INFO,123,Login,User Logged in,
23/11/2025 07:01:08,INFO,123,Login,User Logged in,
23/11/2025 07:01:08,INFO,123,Login,User Logged in,
23/11/2025 07:01:08,INFO,123,Login,User Logged in,
23/11/2025 07:01:08,INFO,123,Login,User Logged in,
23/11/2025 07:01:08,INFO,123,Login,User Logged in,
23/11/2025 07:01:08,INFO,123,Login,User Logged in,
23/11/2025 07:01:08,INFO,123,Login,User Logged in,
23/11/2025 07:01:08,INFO,123,Login,User Logged in,
23/11/2025 07:01:08,INFO,123,Login,User Logged in,
23/11/2025 07:01:08,INFO,123,Login,User Logged in,
23/11/2025 07:01:08,INFO,123,Login,User Logged in,
23/11/2025 07:01:08,INFO,123,Login,User Logged in,
23/11/2025 07:01:08,INFO,123,Login,User Logged in,
23/11/2025 07:01:08,INFO,123,Login,User Logged in,
23/11/2025 07:01:08,INFO,123,Login,User Logged in,
23/11/2025 07:01:08,INFO,123,Login,User Logged in,
23/11/2025 07:01:08,INFO,123,Login,User Logged in,
23/11/2025 07:01:08,INFO,123,Login,User Logged in,
23/11/2025 07:01:08,INFO,123,Login,User Logged in,
23/11/2025 07:01:08,INFO,123,Login,User Logged in,
23/11/2025 07:01:08,INFO,123,Login,User Logged in,
23/11/2025 07:01:08,INFO,123,Login,User Logged in,
23/11/2025 07:01:08,INFO,123,Login,User Logged in,
23/11/2025 07:01:08,INFO,123,Login,User Logged in,
23/11/2025 07:01:08,INFO,123,Login,User Logged in,
23/11/2025 07:01:08,INFO,123,Login,User Logged in,
23/11/2025 07:01:08,INFO,123,Login,User Logged in,
23/11/2025 07:01:08,INFO,123,Login,User Logged in,
23/11/2025 07:01:08,INFO,123,Login,User Logged in,
23/11/2025 07:01:08,INFO,123,Login,User Logged in,
23/11/2025 07:01:08,INFO,123,Login,User Logged in,
23/11/2025 07:01:08,INFO,123,Login,User Logged in,
23/11/2025 07:01:08,INFO,123,Login,User Logged in,
23/11/2025 07:01:08,INFO,123,Login,User Logged in,
23/11/2025 07:01:08,INFO,123,Login,User Logged in,
23/11/2025 07:01:08,INFO,123,Login,User Logged in,
23/11/2025 07:01:08,INFO,123,Login,User Logged in,
23/11/2025 07:01:08,INFO,123,Login,User Logged in,
23/11/2025 07:01:08,INFO,123,Login,User Logged in,
23/11/2025 07:01:08,INFO,123,Login,User Logged in,
23/11/2025 07:01:08,INFO,123,Login,User Logged in,
23/11/2025 07:01:08,INFO,123,Login,User Logged in,
23/11/2025 07:01:08,INFO,123,Login,User Logged in,
23/11/2025 07:01:08,INFO,123,Login,User Logged in,
23/11/2025 07:01:08,INFO,123,Login,User Logged in,
23/11/2025 07:01:08,INFO,123,Login,User Logged in,
23/11/2025 07:01:08,INFO,123,Login,User Logged in,
23/11/2025 07:01:08,INFO,123,Login,User Logged in,
23/11/2025 07:01:08,INFO,123,Login,User Logged in,
23/11/2025 07:01:08,INFO,123,Login,User Logged in,
23/11/2025 07:01:08,INFO,123,Login,User Logged in,
23/11/2025 07:01:08,INFO,123,Login,User Logged in,
23/11/2025 07:01:08,INFO,123,Login,User Logged in,
23/11/2025 07:01:08,INFO,123,Login,User Logged in,
23/11/2025 07:01:08,INFO,123,Login,User Logged in,
23/11/2025 07:01:08,INFO,123,Login,User Logged in,
23/11/2025 07:01:08,INFO,123,Login,User Logged in,
23/11/2025 07:01:08,INFO,123,Login,User Logged in,
23/11/2025 07:01:08,INFO,123,Login,User Logged in,
23/11/2025 07:01:08,INFO,123,Login,User Logged in,
